{
  "args": {
    "model": "meta-llama/Llama-3.2-1B",
    "samples": 50,
    "ctx_len": 8192,
    "decode_len": 128,
    "device": "cuda",
    "dtype": "bfloat16",
    "seed": 42,
    "out": "/outputs/llama_1B_8k",
    "viz_ctx_len": 1024,
    "k_bits": 6,
    "v_bits": 2,
    "ring_size": 8,
    "exp1_ratios": "1.0,0.5,0.25,0.125,0.0625",
    "exp3_fp_caps": "0,32,64,128,256,512,1024",
    "threshold_pp": 1.0,
    "skip_viz": false,
    "skip_exp1": false,
    "skip_exp2": false,
    "skip_exp3": true
  },
  "dims": {
    "n_layers": 16,
    "n_heads": 32,
    "n_kv_heads": 8,
    "head_dim": 64
  },
  "runtime_s": 2717.3686628341675,
  "viz": {
    "entropy_mean": 2.5544068813323975,
    "entropy_median": 2.35611629486084,
    "entropy_min": 0.1890132874250412,
    "entropy_max": 6.286947727203369,
    "uniform_max": 6.931471805599453,
    "peaky": [
      10,
      2
    ],
    "diffuse": [
      0,
      22
    ],
    "viz_ctx_len": 1024
  },
  "exp1": {
    "uniform": {
      "label": "uniform",
      "bytes": 73400320,
      "top1_mean": 0.8740625,
      "top1_std": 0.029045316677880573,
      "cos_mean": 0.9829809355735779,
      "cos_std": 0.005909157531071469,
      "elapsed_s": 216.5867302417755,
      "prefill_s_per_sample": 0.6306651564600015,
      "decode_s_per_sample": 3.636663904,
      "prefill_tok_per_s": 12786.499963410362,
      "decode_tok_per_s": 35.19709364926784
    },
    "rows": [
      {
        "ratio": 1.0,
        "fp_cap": 512,
        "qt_cap": 6290,
        "label": "KVC @ 1.0000x  (ring=8, fp=512, qt=6290)",
        "bytes": 73397760,
        "top1_mean": 0.96484375,
        "top1_std": 0.016572815184059706,
        "cos_mean": 0.9982309126853943,
        "cos_std": 0.0015504974627229026,
        "elapsed_s": 458.30982637405396,
        "prefill_s_per_sample": 2.476030448139993,
        "decode_s_per_sample": 6.597586731560007,
        "prefill_tok_per_s": 3256.8258625647027,
        "decode_tok_per_s": 19.401033318395537
      },
      {
        "ratio": 0.5,
        "fp_cap": 256,
        "qt_cap": 3130,
        "label": "KVC @ 0.5000x  (ring=8, fp=256, qt=3130)",
        "bytes": 36695552,
        "top1_mean": 0.94234375,
        "top1_std": 0.025248387406830722,
        "cos_mean": 0.9924143517017364,
        "cos_std": 0.01049543686791957,
        "elapsed_s": 422.5701494216919,
        "prefill_s_per_sample": 1.7927309981800021,
        "decode_s_per_sample": 6.569322790139993,
        "prefill_tok_per_s": 4498.165094588452,
        "decode_tok_per_s": 19.484504581220662
      },
      {
        "ratio": 0.25,
        "fp_cap": 128,
        "qt_cap": 1550,
        "label": "KVC @ 0.2500x  (ring=8, fp=128, qt=1550)",
        "bytes": 18344448,
        "top1_mean": 0.91703125,
        "top1_std": 0.03291521520361838,
        "cos_mean": 0.9857710993289948,
        "cos_std": 0.017024974973649177,
        "elapsed_s": 400.0906066894531,
        "prefill_s_per_sample": 1.4560980526399954,
        "decode_s_per_sample": 6.464162670380001,
        "prefill_tok_per_s": 5538.088582276085,
        "decode_tok_per_s": 19.80148188202625
      },
      {
        "ratio": 0.125,
        "fp_cap": 64,
        "qt_cap": 760,
        "label": "KVC @ 0.1250x  (ring=8, fp=64, qt=760)",
        "bytes": 9168896,
        "top1_mean": 0.88234375,
        "top1_std": 0.04369558615058697,
        "cos_mean": 0.9777906358242034,
        "cos_std": 0.020749031366839935,
        "elapsed_s": 388.65465927124023,
        "prefill_s_per_sample": 1.1820850206400155,
        "decode_s_per_sample": 6.517511203400004,
        "prefill_tok_per_s": 6821.844333695993,
        "decode_tok_per_s": 19.63939853808398
      },
      {
        "ratio": 0.0625,
        "fp_cap": 32,
        "qt_cap": 365,
        "label": "KVC @ 0.0625x  (ring=8, fp=32, qt=365)",
        "bytes": 4581120,
        "top1_mean": 0.84625,
        "top1_std": 0.04967307822407528,
        "cos_mean": 0.9685124933719635,
        "cos_std": 0.02361345682454198,
        "elapsed_s": 395.8614616394043,
        "prefill_s_per_sample": 1.2372245950999967,
        "decode_s_per_sample": 6.60933721188002,
        "prefill_tok_per_s": 6517.814172089134,
        "decode_tok_per_s": 19.36654098536917
      }
    ],
    "headline": "matches uniform within 1.0 pp at 0.1250\u00d7 bytes (= 8.0\u00d7 compression vs uniform)",
    "uniform_bytes_per_lh": 573440
  },
  "exp2": {
    "rows": [
      [
        "full-fp (ref)",
        {
          "label": "full-fp (ref)",
          "bytes": 268435456,
          "top1_mean": 1.0,
          "top1_std": 0.0,
          "cos_mean": 1.0,
          "cos_std": 0.0,
          "elapsed_s": 0.0
        }
      ],
      [
        "uniform k=6/v=2",
        {
          "label": "uniform",
          "bytes": 73400320,
          "top1_mean": 0.8740625,
          "top1_std": 0.029045316677880573,
          "cos_mean": 0.9829809355735779,
          "cos_std": 0.005909157531071469,
          "elapsed_s": 216.5867302417755,
          "prefill_s_per_sample": 0.6306651564600015,
          "decode_s_per_sample": 3.636663904,
          "prefill_tok_per_s": 12786.499963410362,
          "decode_tok_per_s": 35.19709364926784
        }
      ],
      [
        "H2O (ring=0)",
        {
          "label": "h2o",
          "bytes": 73400320,
          "top1_mean": 0.21953125,
          "top1_std": 0.0564306287062817,
          "cos_mean": 0.744914197921753,
          "cos_std": 0.08008154532407961,
          "elapsed_s": 175.92052459716797,
          "prefill_s_per_sample": 1.1487401723400035,
          "decode_s_per_sample": 2.3055693864999647,
          "prefill_tok_per_s": 7019.864190501402,
          "decode_tok_per_s": 55.517739240246435
        }
      ],
      [
        "H2O (ring=8)",
        {
          "label": "h2o+ring",
          "bytes": 73400320,
          "top1_mean": 0.7709375,
          "top1_std": 0.051519481900598754,
          "cos_mean": 0.9631428647041321,
          "cos_std": 0.016559855708895226,
          "elapsed_s": 218.91534399986267,
          "prefill_s_per_sample": 1.157445449479992,
          "decode_s_per_sample": 3.1488679151599626,
          "prefill_tok_per_s": 6967.067003998271,
          "decode_tok_per_s": 40.64952975123366
        }
      ],
      [
        "KVCascade (ring + fp + quant)",
        {
          "ratio": 1.0,
          "fp_cap": 512,
          "qt_cap": 6290,
          "label": "KVC @ 1.0000x  (ring=8, fp=512, qt=6290)",
          "bytes": 73397760,
          "top1_mean": 0.96484375,
          "top1_std": 0.016572815184059706,
          "cos_mean": 0.9982309126853943,
          "cos_std": 0.0015504974627229026,
          "elapsed_s": 458.30982637405396,
          "prefill_s_per_sample": 2.476030448139993,
          "decode_s_per_sample": 6.597586731560007,
          "prefill_tok_per_s": 3256.8258625647027,
          "decode_tok_per_s": 19.401033318395537
        }
      ]
    ],
    "uniform_bytes": 573440,
    "fp16_baseline_bytes": 268435456
  },
  "exp3": null
}