{
  "args": {
    "model": "Qwen/Qwen3-0.6B",
    "samples": 2,
    "ctx_len": 512,
    "decode_len": 8,
    "device": "cuda",
    "dtype": "bfloat16",
    "seed": 42,
    "out": "outputs/smoketest",
    "viz_ctx_len": 1024,
    "k_bits": 6,
    "v_bits": 2,
    "ring_size": 8,
    "exp1_ratios": "1.0,0.5,0.25",
    "exp3_fp_caps": "0,32,128",
    "threshold_pp": 1.0,
    "skip_viz": false,
    "skip_exp1": false,
    "skip_exp2": false,
    "skip_exp3": false
  },
  "dims": {
    "n_layers": 28,
    "n_heads": 16,
    "n_kv_heads": 8,
    "head_dim": 128
  },
  "runtime_s": 27.438740253448486,
  "viz": {
    "entropy_mean": 4.645974159240723,
    "entropy_median": 4.970038414001465,
    "entropy_min": 0.323797345161438,
    "entropy_max": 5.996888160705566,
    "uniform_max": 6.238324625039508,
    "peaky": [
      0,
      3
    ],
    "diffuse": [
      14,
      6
    ],
    "viz_ctx_len": 512
  },
  "exp1": {
    "uniform": {
      "label": "uniform",
      "bytes": 15368192,
      "top1_mean": 0.875,
      "top1_std": 0.0,
      "cos_mean": 0.9529176950454712,
      "cos_std": 0.0018301847497370625,
      "elapsed_s": 1.7042503356933594
    },
    "rows": [
      {
        "ratio": 1.0,
        "fp_cap": 32,
        "qt_cap": 359,
        "label": "KVC @ 1.0000x  (ring=8, fp=32, qt=359)",
        "bytes": 15363264,
        "top1_mean": 0.9375,
        "top1_std": 0.08838834764831845,
        "cos_mean": 0.9916236102581024,
        "cos_std": 0.0070218756961575,
        "elapsed_s": 3.184431314468384
      },
      {
        "ratio": 0.5,
        "fp_cap": 16,
        "qt_cap": 164,
        "label": "KVC @ 0.5000x  (ring=8, fp=16, qt=164)",
        "bytes": 7675136,
        "top1_mean": 0.75,
        "top1_std": 0.1767766952966369,
        "cos_mean": 0.9531186819076538,
        "cos_std": 0.051483892742603454,
        "elapsed_s": 3.473917007446289
      },
      {
        "ratio": 0.25,
        "fp_cap": 8,
        "qt_cap": 66,
        "label": "KVC @ 0.2500x  (ring=8, fp=8, qt=66)",
        "bytes": 3816064,
        "top1_mean": 0.6875,
        "top1_std": 0.2651650429449553,
        "cos_mean": 0.9306704699993134,
        "cos_std": 0.05465978421844485,
        "elapsed_s": 2.6984992027282715
      }
    ],
    "headline": "matches uniform within 1.0 pp at 1.0000\u00d7 bytes (= 1.0\u00d7 compression vs uniform)",
    "uniform_bytes_per_lh": 68608
  },
  "exp2": {
    "rows": [
      [
        "full-fp (ref)",
        {
          "label": "full-fp (ref)",
          "bytes": 58720256,
          "top1_mean": 1.0,
          "top1_std": 0.0,
          "cos_mean": 1.0,
          "cos_std": 0.0,
          "elapsed_s": 0.0
        }
      ],
      [
        "uniform k=6/v=2",
        {
          "label": "uniform",
          "bytes": 15368192,
          "top1_mean": 0.875,
          "top1_std": 0.0,
          "cos_mean": 0.9529176950454712,
          "cos_std": 0.0018301847497370625,
          "elapsed_s": 1.7042503356933594
        }
      ],
      [
        "H2O (ring=0)",
        {
          "label": "h2o",
          "bytes": 15368192,
          "top1_mean": 0.3125,
          "top1_std": 0.08838834764831845,
          "cos_mean": 0.5676324218511581,
          "cos_std": 0.16962877945000754,
          "elapsed_s": 1.225142240524292
        }
      ],
      [
        "KVCascade (ring + fp + quant)",
        {
          "ratio": 1.0,
          "fp_cap": 32,
          "qt_cap": 359,
          "label": "KVC @ 1.0000x  (ring=8, fp=32, qt=359)",
          "bytes": 15363264,
          "top1_mean": 0.9375,
          "top1_std": 0.08838834764831845,
          "cos_mean": 0.9916236102581024,
          "cos_std": 0.0070218756961575,
          "elapsed_s": 3.184431314468384
        }
      ]
    ],
    "uniform_bytes": 68608,
    "fp16_baseline_bytes": 58720256
  },
  "exp3": {
    "rows": [
      {
        "fp_cap": 0,
        "qt_cap": 481,
        "label": "ring=8, fp=   0, qt= 481",
        "bytes": 15355200,
        "top1_mean": 1.0,
        "top1_std": 0.0,
        "cos_mean": 0.9805536568164825,
        "cos_std": 0.011635522615251026,
        "elapsed_s": 2.5572681427001953
      },
      {
        "fp_cap": 32,
        "qt_cap": 359,
        "label": "ring=8, fp=  32, qt= 359",
        "bytes": 15363264,
        "top1_mean": 0.9375,
        "top1_std": 0.08838834764831845,
        "cos_mean": 0.9916236102581024,
        "cos_std": 0.0070218756961575,
        "elapsed_s": 4.095458745956421
      }
    ],
    "best": {
      "fp_cap": 0,
      "qt_cap": 481,
      "label": "ring=8, fp=   0, qt= 481",
      "bytes": 15355200,
      "top1_mean": 1.0,
      "top1_std": 0.0,
      "cos_mean": 0.9805536568164825,
      "cos_std": 0.011635522615251026,
      "elapsed_s": 2.5572681427001953
    },
    "uniform_bytes_per_lh": 68608
  }
}