{
  "args": {
    "model": "Qwen/Qwen3-0.6B",
    "samples": 50,
    "ctx_len": 4096,
    "decode_len": 64,
    "device": "cuda",
    "dtype": "bfloat16",
    "seed": 42,
    "out": "/outputs/qwen3_0.6B_4k",
    "viz_ctx_len": 1024,
    "k_bits": 6,
    "v_bits": 2,
    "ring_size": 8,
    "exp1_ratios": "1.0,0.5,0.25,0.125,0.0625",
    "exp3_fp_caps": "0,32,64,128,256,512,1024",
    "threshold_pp": 1.0,
    "skip_viz": false,
    "skip_exp1": false,
    "skip_exp2": false,
    "skip_exp3": true
  },
  "dims": {
    "n_layers": 28,
    "n_heads": 16,
    "n_kv_heads": 8,
    "head_dim": 128
  },
  "runtime_s": 2426.8259387016296,
  "viz": {
    "entropy_mean": 5.697051048278809,
    "entropy_median": 6.25309944152832,
    "entropy_min": 0.39033830165863037,
    "entropy_max": 6.909726142883301,
    "uniform_max": 6.931471805599453,
    "peaky": [
      0,
      3
    ],
    "diffuse": [
      17,
      0
    ],
    "viz_ctx_len": 1024
  },
  "exp1": {
    "uniform": {
      "label": "uniform",
      "bytes": 122945536,
      "top1_mean": 0.7028125,
      "top1_std": 0.07989013601758457,
      "cos_mean": 0.9256139135360718,
      "cos_std": 0.0209381363239075,
      "elapsed_s": 210.62182188034058,
      "prefill_s_per_sample": 0.18733872503999982,
      "decode_s_per_sample": 4.0030464543,
      "prefill_tok_per_s": 21522.512225590854,
      "decode_tok_per_s": 15.987823456620735
    },
    "rows": [
      {
        "ratio": 1.0,
        "fp_cap": 256,
        "qt_cap": 3087,
        "label": "KVC @ 1.0000x  (ring=8, fp=256, qt=3087)",
        "bytes": 122937024,
        "top1_mean": 0.8671875,
        "top1_std": 0.05542280811578186,
        "cos_mean": 0.9856856322288513,
        "cos_std": 0.008710239462246656,
        "elapsed_s": 385.08552503585815,
        "prefill_s_per_sample": 0.6859508157600044,
        "decode_s_per_sample": 6.973961086879997,
        "prefill_tok_per_s": 5877.972454238888,
        "decode_tok_per_s": 9.176994136144836
      },
      {
        "ratio": 0.5,
        "fp_cap": 128,
        "qt_cap": 1528,
        "label": "KVC @ 0.5000x  (ring=8, fp=128, qt=1528)",
        "bytes": 61462016,
        "top1_mean": 0.8646875,
        "top1_std": 0.05464055930042504,
        "cos_mean": 0.9830288910865783,
        "cos_std": 0.014768074062047143,
        "elapsed_s": 371.4684998989105,
        "prefill_s_per_sample": 0.4520231467199915,
        "decode_s_per_sample": 6.945387630319999,
        "prefill_tok_per_s": 8919.897198312385,
        "decode_tok_per_s": 9.214748464233852
      },
      {
        "ratio": 0.25,
        "fp_cap": 64,
        "qt_cap": 748,
        "label": "KVC @ 0.2500x  (ring=8, fp=64, qt=748)",
        "bytes": 30709504,
        "top1_mean": 0.8259375,
        "top1_std": 0.05854940924299819,
        "cos_mean": 0.9737603735923767,
        "cos_std": 0.01922145197382817,
        "elapsed_s": 366.38351559638977,
        "prefill_s_per_sample": 0.3939386256800026,
        "decode_s_per_sample": 6.909273968699983,
        "prefill_tok_per_s": 10235.096883531305,
        "decode_tok_per_s": 9.262912469519852
      },
      {
        "ratio": 0.125,
        "fp_cap": 32,
        "qt_cap": 359,
        "label": "KVC @ 0.1250x  (ring=8, fp=32, qt=359)",
        "bytes": 15363264,
        "top1_mean": 0.786875,
        "top1_std": 0.06604729288895332,
        "cos_mean": 0.961021146774292,
        "cos_std": 0.025470761128834493,
        "elapsed_s": 366.82826685905457,
        "prefill_s_per_sample": 0.40766725774000406,
        "decode_s_per_sample": 6.903185154799998,
        "prefill_tok_per_s": 9890.41902053235,
        "decode_tok_per_s": 9.271082632847943
      },
      {
        "ratio": 0.0625,
        "fp_cap": 16,
        "qt_cap": 164,
        "label": "KVC @ 0.0625x  (ring=8, fp=16, qt=164)",
        "bytes": 7675136,
        "top1_mean": 0.734375,
        "top1_std": 0.07335569966587047,
        "cos_mean": 0.9458913016319275,
        "cos_std": 0.030202457861113488,
        "elapsed_s": 363.0780963897705,
        "prefill_s_per_sample": 0.3483546570999988,
        "decode_s_per_sample": 6.878636211139992,
        "prefill_tok_per_s": 11574.411071652683,
        "decode_tok_per_s": 9.304169901637133
      }
    ],
    "headline": "matches uniform within 1.0 pp at 0.0625\u00d7 bytes (= 16.0\u00d7 compression vs uniform)",
    "uniform_bytes_per_lh": 548864
  },
  "exp2": {
    "rows": [
      [
        "full-fp (ref)",
        {
          "label": "full-fp (ref)",
          "bytes": 469762048,
          "top1_mean": 1.0,
          "top1_std": 0.0,
          "cos_mean": 1.0,
          "cos_std": 0.0,
          "elapsed_s": 0.0
        }
      ],
      [
        "uniform k=6/v=2",
        {
          "label": "uniform",
          "bytes": 122945536,
          "top1_mean": 0.7028125,
          "top1_std": 0.07989013601758457,
          "cos_mean": 0.9256139135360718,
          "cos_std": 0.0209381363239075,
          "elapsed_s": 210.62182188034058,
          "prefill_s_per_sample": 0.18733872503999982,
          "decode_s_per_sample": 4.0030464543,
          "prefill_tok_per_s": 21522.512225590854,
          "decode_tok_per_s": 15.987823456620735
        }
      ],
      [
        "H2O (ring=0)",
        {
          "label": "h2o",
          "bytes": 122945536,
          "top1_mean": 0.2046875,
          "top1_std": 0.05649129792340966,
          "cos_mean": 0.5587717252969742,
          "cos_std": 0.06438296107183043,
          "elapsed_s": 155.02100205421448,
          "prefill_s_per_sample": 0.3101371337799901,
          "decode_s_per_sample": 2.7534708444799616,
          "prefill_tok_per_s": 13000.700531592205,
          "decode_tok_per_s": 23.24339120143742
        }
      ],
      [
        "H2O (ring=8)",
        {
          "label": "h2o+ring",
          "bytes": 122945536,
          "top1_mean": 0.7403125,
          "top1_std": 0.05963540506267896,
          "cos_mean": 0.9681475579738616,
          "cos_std": 0.011563366261609026,
          "elapsed_s": 190.22641444206238,
          "prefill_s_per_sample": 0.31775164383999255,
          "decode_s_per_sample": 3.4556643127799815,
          "prefill_tok_per_s": 12689.155439996275,
          "decode_tok_per_s": 18.52031742878227
        }
      ],
      [
        "KVCascade (ring + fp + quant)",
        {
          "ratio": 1.0,
          "fp_cap": 256,
          "qt_cap": 3087,
          "label": "KVC @ 1.0000x  (ring=8, fp=256, qt=3087)",
          "bytes": 122937024,
          "top1_mean": 0.8671875,
          "top1_std": 0.05542280811578186,
          "cos_mean": 0.9856856322288513,
          "cos_std": 0.008710239462246656,
          "elapsed_s": 385.08552503585815,
          "prefill_s_per_sample": 0.6859508157600044,
          "decode_s_per_sample": 6.973961086879997,
          "prefill_tok_per_s": 5877.972454238888,
          "decode_tok_per_s": 9.176994136144836
        }
      ]
    ],
    "uniform_bytes": 548864,
    "fp16_baseline_bytes": 469762048
  },
  "exp3": null
}